colaborador;quantidade;item;tamanho;descricao_original
CARLOS EDUARDO MENDES DA SILVA;2;Luva látex;G;02 Luvas látex G
DAGNO DA SILVA ALVES;2;Luva látex;M;02 Luvas látex M
LUCAS DA SILVA SANTOS;2;Luva látex;M;02 Luvas látex M
LUIZ FERNANDO DA SILVA;2;Luva látex;G;02 Luvas látex G
LUIZ FERNANDO DA SILVA;1;Luva PVC;;01 luva PVC
MARCIO ANDRÉ DE MOURA RODRIGUES;2;Luva látex;M;02 Luvas látex M
MARCIO ANDRÉ DE MOURA RODRIGUES;1;Luva PVC;;01 luva PVC
PATRÍCIA ALVES CARDOSO;2;Luva látex;P;02 Luvas latex P
PEDRO PAULO CARVALHO TERRA;2;Luva látex;G;02 Luvas látex G
WALACE DA SILVA DANIEL;2;Luva látex;M;02 Luvas látex M
LUIZ CARLOS FERREIRA;1;Avental;;01 Avental
LUIZ CARLOS FERREIRA;2;Luva látex;G;02 luvas látex G
ACACIO DA SILVA COUTINHO;1;Luva nitrílica;9;01 Luva nitrília 9
FERNANDA SANTOS MORAES EVANGELISTA;1;Bota;37;01 Bota 37
FERNANDA SANTOS MORAES EVANGELISTA;1;Luva nitrílica;8;01 luva nitrílica 8
ALINE MARQUÊS DA SILVA;2;Luva látex;M;02 Luvas látex M
OSMAR SOUZA DE OLIVEIRA;2;Luva látex;EG;02 Luvas látex extra G
OSMAR SOUZA DE OLIVEIRA;2;Máscara;;02 máscaras
RITA DE CASSIA DO ESPIRITO SANTO DA SILVA;1;Luva PVC;;01 Luva PVC
JOANE RODRIGUES DOS SANTOS;2;Luva látex;G;02 Luvas látex G
JOANE RODRIGUES DOS SANTOS;1;Luva nitrílica;8;01 luva nitrílica 8
ANA CLAUDIA ROCHA;2;Luva látex;P;02 Luvas látex P
NILSON VIANA DOS SANTOS;1;Botina;42;01 Botina 42
NILSON VIANA DOS SANTOS;2;Luva látex;M;02 luvas látex M
JOYCE SOUZA RODRIGUES;1;Máscara;;01 Máscara
LOURENE DA SILVA MORAIS;1;Máscara;;01 Máscara
MARCO ANTONIO ANTUNES DE OLIVEIRA;1;Luva PVC;;01 Luva PVC
MARCO ANTONIO ANTUNES DE OLIVEIRA;1;Máscara;;01 máscara
RENATO DE OLIVEIRA PEREIRA;1;Luva PVC;;01 Luva PVC
RENATO DE OLIVEIRA PEREIRA;1;Máscara;;01 máscara
RICARDO FREITAS MARINS;1;Máscara;;01 Máscara
CARLOS ALEXANDRE BENTO DA SILVA;2;Luva nitrílica;9;02 Luvas nitrílicas 9
CASIANE DA SILVA FERREIRA;2;Luva látex;M;02 Luvas látex M
FRANCISCO SOARES DE SOUSA;2;Luva látex;G;02 Luvas látex G
GILDO DOS SANTOS LUCIANO;1;Botina;45;01 Botina 45
GILDO DOS SANTOS LUCIANO;1;Óculos;;01 óculos
JESSY MATIAS DE SOUZA;2;Luva látex;M;02 Luvas látex M
MARCELO GOMES DA SILVA;2;Luva látex;G;02 Luvas látex G
MARCELO GOMES DA SILVA;1;Luva PVC;;01 luva PVC
MICHELLE ALVES DE SOUZA;1;Botina;39;01 Botina 39
MICHELLE ALVES DE SOUZA;2;Luva látex;G;02 luvas látex G
PEDRO HENRIQUE DOS SANTOS;2;Luva látex;M;02 Luvas látex M
PEDRO HENRIQUE DOS SANTOS;1;Luva PVC;;01 luva PVC
PEDRO HENRIQUE DOS SANTOS;1;Óculos;;01 óculos
RENATO MARQUES DE OLIVEIRA;2;Luva pigmentada;;02 Luvas pigmentadas
WANDERSON DOS SANTOS ABDNOR;1;Bota;41;01 Bota 41
WANDERSON DOS SANTOS ABDNOR;2;Luva látex;G;02 luvas látex G
CLEBER DOS SANTOS ABDNOR;2;Luva látex;G;02 Luvas látex G
AMANDA RIBEIRO DA SILVA COSTA;2;Luva látex;M;02 Luvas látex M
PRISCILA BARCELOS DOS SANTOS;2;Luva látex;G;02 Luvas látex G
VILMA DAS DORES SANDES;2;Luva látex;G;02 Luvas látex G
ADRIANA MONTEIRO DE OLIVEIRA;2;Luva látex;M;02 Luvas látex M
ADRIANA MONTEIRO DE OLIVEIRA;2;Máscara;;02 máscaras
ALESSANDRA CARVALHO FERNANDES;2;Luva látex;M;02 Luvas látex M
ALESSANDRA CARVALHO FERNANDES;2;Máscara;;02 máscaras
ANGELO FÁVARO ROCHA COUTINHO;2;Luva látex;EG;02 Luvas látex extra G
ANGELO FÁVARO ROCHA COUTINHO;1;Luva nitrílica;EG;01 luva nitrílica extra G
FERNANDA NASCIMENTO AMORIM;2;Luva látex;M;02 Luvas látex M
FERNANDA NASCIMENTO AMORIM;2;Máscara;;02 máscaras
JAQUELINE PEREIRA BARBOZA;2;Luva látex;G;02 Luvas látex G
JAQUELINE PEREIRA BARBOZA;2;Máscara;;02 máscaras
MAURO ARAÚJO SILVA;2;Luva látex;G;02 Luvas látex G
MAURO ARAÚJO SILVA;1;Luva PVC;;01 luva PVC
MAURO ARAÚJO SILVA;2;Máscara;;02 máscaras
WALCINEI RAMOS ANTUNES;1;Óculos;;01 Óculos
CARLOS ALBERTO NUNES DA SILVA JÚNIOR;2;Luva látex;G;02 luvas látex G
ELCIO CARDOSO;2;Luva látex;G;02 Luvas látex G
ERICK LEMOS SANTOS;2;Luva látex;M;02 Luvas látex M
JOSEFA DA SILVA;1;Luva látex;P;01 Luva látex P
JOSEFA DA SILVA;1;Máscara;;01 máscara
MARILENE NUNES TORRES;2;Luva látex;G;02 Luvas látex G
MARILENE NUNES TORRES;2;Máscara;;02 máscaras
VANDERLEY COUTINHO DA COSTA;2;Luva látex;G;02 Luvas látex G
VANDERLEY COUTINHO DA COSTA;2;Máscara;;02 máscaras
ALESSANDRO DA CONCEIÇÃO TOLEDO;1;Luva PVC;;01 Luva PVC
DIEGO ROQUE FORTES;2;Luva nitrílica;8;02 Luvas nitrílicas 8
CESAR GONÇALVES;1;Luva látex;EG;01 Luva látex extra G
JOZIEL LIMA RODRIGUES;1;Luva látex;G;01 Luva látex G
JOZIEL LIMA RODRIGUES;1;Luva PVC;;01 luva PVC
ROBSON DE CASTRO SILVA;1;Luva látex;EG;01 Luva látex extra G
RODRIGO SILVA DE ASSUMPÇÃO;1;Luva látex;EG;01 Luva látex extra G
ANA BELA FERREIRA PINA;1;Luva nitrílica;9;01 Luva nitrílica 9
CRISTIANE CONCEIÇÃO CARDOSO;1;Luva nitrílica;9;01 Luva nitrílica 9
CRISTIANE CONCEIÇÃO CARDOSO;1;Luva PVC;;01 luva PVC
HAMIRES BORGES DA SILVA;2;Luva látex;EG;02 Luvas látex extra G
HAMIRES BORGES DA SILVA;1;Luva PVC;;01 luva PVC
JORGE RODRIGUES DE ARAÚJO;2;Luva látex;EG;02 Luvas látex extra G
MARCOS ANTÔNIO DOS SANTOS;2;Luva látex;G;02 Luvas látex G
MARCOS ANTÔNIO DOS SANTOS;1;Luva PVC;;01 luva PVC
PAULO CESAR DE SOUZA FILHO;2;Luva látex;G;02 Luvas látex G
RODRIGO MONTEIRO ALVES MAIA;2;Luva látex;EG;02 Luvas látex extra G
RODRIGO MONTEIRO ALVES MAIA;1;Luva PVC;;01 luva PVC
ANDRESSA LIMA DE SOUZA;1;Avental;;01 Avental
ANDRESSA LIMA DE SOUZA;1;Luva látex;M;01 luva látex M
ALEXANDRE DE SOUZA DA CUNHA;2;Luva látex;G;02 Luvas látex G
MACILEA VIANA DOS SANTOS;2;Luva látex;P;02 Luvas látex P
JHONY CHAGAS DA COSTA;2;Luva látex;G;02 Luvas látex G
JHONY CHAGAS DA COSTA;2;Máscara;;02 máscaras
JHONY CHAGAS DA COSTA;1;Óculos;;01 óculos
ALINE LIMA DE SOUZA;2;Luva látex;M;02 Luvas látex M
ALINE LIMA DE SOUZA;1;Máscara;;01 máscara
PAULO HENRIQUE LIMA DE SOUZA;2;Luva látex;G;02 Luvas látex G
ROBERTA FERREIRA DA SILVA;1;Bota;38;01 Bota 38
ROBERTA FERREIRA DA SILVA;2;Luva látex;G;02 luvas látex G
ALESSANDRO CUPT DE OLIVEIRA SILVA;1;Botina;44;01 Botina 44
MARIANA RIBEIRO DA SILVA;1;Luva PVC;;01 Luva PVC
ANDERSON LIMA DOS SANTOS;1;Avental;;01 Avental
ANDERSON LIMA DOS SANTOS;1;Bota;41;01 bota 41
ANDERSON LIMA DOS SANTOS;1;Luva nitrílica;9;01 luva nitrílica 9
ANDERSON LIMA DOS SANTOS;1;Máscara;;01 máscara
JOSÉ RODRIGUES ROMÃO;1;Bota;44;01 Bota 44
JOSÉ RODRIGUES ROMÃO;1;Luva nitrílica;EG;01 luva nitrílica extra G
JOSÉ RODRIGUES ROMÃO;1;Luva PVC;;01 luva PVC
ANDERSON MENDES FONSECA;2;Luva látex;G;02 Luvas látex G
CRISTIANE LUCIANO DOS SANTOS MELLO;2;Luva látex;M;02 Luvas látex M
GABRIEL PEREIRA DOS SANTOS;2;Luva látex;G;02 Luvas látex G
PATRICIA GOMES DA SILVA BATISTA;2;Luva látex;M;02 Luvas látex M
WALACE MOTA DE ALMEIDA;1;Luva nitrílica;9;01 Luva nitrílica 9
WALACE MOTA DE ALMEIDA;1;Luva PVC;;01 luva PVC
JEAN CARLOS PINTO DE SOUZA;1;Botina;43;01 Botina 43
ELIANA SILVINO DOS SANTOS;2;Luva látex;M;02 Luvas látex M
FABIANA LIMA DA SILVA;2;Luva látex;M;02 Luvas látex M
MICHELLE MACHADO LIDUGERIO;2;Luva látex;M;02 Luvas látex M
MARITA ALVES DA SILVA;2;Luva látex;G;02 Luvas látex G
MARITA ALVES DA SILVA;1;Luva nitrílica;9;01 luva nitrílica 9
MARITA ALVES DA SILVA;2;Máscara;;02 máscaras
ADRIANO MONTEIRO DE CARVALHO FILHO;2;Luva látex;M;02 Luvas látex M
ALEXANDRE DE LIMA GONÇALVES;1;Luva nitrílica;9;01 Luva nitrílica 9
ANA LUCIA DA SILVA GOMES;2;Luva látex;M;02 Luvas látex M
ANDRESSA CRISTINA ASSUMPÇÃO MARQUES;2;Luva látex;G;02 Luvas látex G
ANTONIO MARCOS DE OLIVEIRA;2;Luva látex;G;02 Luvas látex G
DEANDREA DE CASSIA LOPES DA CONCEIÇÃO;2;Luva látex;P;02 Luvas látex P
MARCELO RAMOS RUFINO;2;Luva látex;G;02 Luvas látex G
MARCELO RAMOS RUFINO;1;Luva PVC;;01 luva PVC
MARCOS VINÍCIUS STELLET MONT;1;Bota;42;01 Bota 42
MARCOS VINÍCIUS STELLET MONT;1;Luva PVC;;01 luva PVC
MARCOS VINÍCIUS STELLET MONTEIRO;2;Luva látex;G;02 Luvas látex G
RAFAELA FARIA DE SOUZA;1;Máscara;;01 Máscara
REGINA CLAUDEVÂNIA DA SILVA;2;Luva látex;M;02 Luvas látex M
RONALDO DA SILVA;2;Luva látex;G;02 Luvas látex G
